{"accuracy": 0.8171666666666667, "f1": 0.45450024863252114}